g_rptg_neocon_society_id,gf_origin_data_date,gf_contract_country_id,gf_contract_detail_id,gf_entity_id,g_branch_id,gf_current_app_contract_id,gf_contract_entity_id,g_contract_id,gf_broken_cont_motr_trnch_id,g_contract_currency_id,gf_local_gl_account_id,gf_neocon_account_id,gf_customer_id,g_consolidation_co_neocon_id,gf_gl_acct_intgrp_ind_type,gf_counterparty_country_id,g_capital_product_type,g_crr_regy_approach_ind_type,gf_fnl_regy_category_ind_type,gf_cust_char_ctn_exps_type,gf_gl_portfolio_id,gf_rw_sm_per,gf_master_scale_rating_id,gf_ffss_balance_nat_type,gf_quota_type,gf_pfl_dvrsfn_ases_block_type,g_finrep_segment_id,g_nace_activity_id,gf_gl_gross_balance_amount,gf_cust_ead_amount,gf_tranche_pd_per,gf_lgd_per,gf_original_exposure_amount,gf_bf_smes_crfc_rwa_amount,gf_internal_method_rwa_amount,gf_expected_loss_amount,gf_ultd_signature_gnt_amount,gf_trc_signature_gnt_amount,gf_ultd_credit_derv_gnt_amount,gf_trc_credit_derv_gnt_amount,gf_sg_gnt_eff_sbst_iput_amount,gf_sg_gnt_eff_sbst_oput_amount,g_entific_id,gf_cutoff_date
00684,2020-05-31,UY,1,9029,4,C1,9029,C1,TC,UYU,19730401,14003,19730402,99999,N,UY,CCIRS_,AS,P,E,04,3.70,BB+,A,N,Y,X,K65,100000.00,10000.00,0.30,0.80,10000.00,1000.00,37000.00,10000.00,0.00,0.00,0.00,0.00,0.00,0.00,UY,2020-06-01
00684,2020-05-31,UY,2,9029,4,C1,9029,C1,TC,UYU,19730401,14003,19730402,99999,N,UY,CCIRS_,AS,P,E,04,3.70,BB+,A,N,Y,X,K65,100000.00,10000.00,0.30,0.80,10000.00,1000.00,37000.00,10000.00,0.00,0.00,0.00,0.00,0.00,0.00,UY,2020-06-01
00684,2020-05-31,UY,3,9029,4,C1,9029,C1,TC,UYU,19730401,14003,19730402,99999,N,UY,CCIRS_,AS,P,E,04,3.70,BB+,A,N,Y,X,K66,100000.00,10000.00,0.30,0.80,10000.00,1000.00,37000.00,10000.00,0.00,0.00,0.00,0.00,0.00,0.00,UY,2020-06-01
00684,2020-05-31,UY,4,9029,4,C1,9029,C1,TC,UYU,19730401,14003,19730402,99999,N,UY,CCIRS_,AS,P,E,04,3.70,BB+,A,N,Y,X,K66,100000.00,10000.00,0.30,0.80,10000.00,1000.00,37000.00,10000.00,0.00,0.00,0.00,0.00,0.00,0.00,UY,2020-06-01
00684,2020-05-31,UY,5,9029,4,C1,9029,C1,TC,UYU,19730401,14003,19730402,99999,N,UY,CCIRS_,AS,P,E,04,3.70,BB+,A,N,Y,X,L,100000.00,10000.00,0.30,0.80,10000.00,1000.00,37000.00,10000.00,0.00,0.00,0.00,0.00,0.00,0.00,UY,2020-06-01
00684,2020-05-31,UY,6,9029,4,C1,9029,C1,TC,UYU,19730401,14003,19730402,99999,N,UY,CCIRS_,AS,P,E,04,3.70,BB+,A,N,Y,X,L,100000.00,10000.00,0.30,0.80,10000.00,1000.00,37000.00,10000.00,0.00,0.00,0.00,0.00,0.00,0.00,UY,2020-06-01
00684,2020-05-31,UY,7,9029,4,C1,9029,C1,TC,UYU,19730401,14003,19730402,99999,N,UY,CCIRS_,AS,P,E,04,3.70,BB+,A,N,Y,X,M,100000.00,10000.00,0.30,0.80,10000.00,1000.00,37000.00,10000.00,0.00,0.00,0.00,0.00,0.00,0.00,UY,2020-06-01
00684,2020-05-31,UY,8,9029,4,C1,9029,C1,TC,UYU,19730401,14003,19730402,99999,N,UY,CCIRS_,AS,P,E,04,3.70,BB+,A,N,Y,X,M,100000.00,10000.00,0.30,0.80,10000.00,1000.00,37000.00,10000.00,0.00,0.00,0.00,0.00,0.00,0.00,UY,2020-06-01
00684,2020-05-31,UY,9,9029,4,C1,9029,C1,TC,UYU,19730401,14003,19730402,99999,N,UY,CCIRS_,AS,P,E,04,3.70,BB+,A,N,Y,X,X,100000.00,10000.00,0.30,0.80,10000.00,1000.00,37000.00,10000.00,0.00,0.00,0.00,0.00,0.00,0.00,UY,2020-06-01
00684,2020-05-31,UY,10,9029,4,C1,9029,C1,TC,UYU,19730401,14003,19730402,99999,N,UY,CCIRS_,AS,P,E,04,3.70,BB+,A,N,Y,X,,100000.00,10000.00,0.30,0.80,10000.00,1000.00,37000.00,10000.00,0.00,0.00,0.00,0.00,0.00,0.00,UY,2020-06-01