
{
    "input":{
        "type":"csv",
        "delimiter":",",
        "withHeader":"true",
        "path":"csv/fichero_pruebas.csv"
    },
    "output":{
        "type":"csv",
        "path":"csv/salida/fichero.csv",
        "withHeader":"true",
        "delimiter":";"
    },
    "transformations":[
      {
        "group":"row",
        "field":"primary_key",
        "transformation":"ADD_PRIMARY_KEY",
        "defaultType":"decimal(6,0)"
      },
      {
        "group":"row",
        "field":"timestamp",
        "transformation":"ADD_CURRENT_DATE",
        "defaultType":"TIMESTAMP"
      },
      {
        "group":"row",
        "field":"sum_gf_contract_detail_id_g_branch_id",
        "inputFields":["gf_contract_detail_id", "g_branch_id"],
        "transformation":"SUM_COLUMN",
        "defaultType":"decimal(6,0)"
      },
      {
        "group":"row",
        "field":"res_gf_contract_detail_id_g_branch_id",
        "inputFields":["gf_contract_detail_id", "g_branch_id"],
        "transformation":"REST_COLUMN",
        "defaultType":"decimal(6,0)"
      },
      {
        "group":"row",
        "field":"mult_gf_contract_detail_id_g_branch_id",
        "inputFields":["gf_contract_detail_id", "g_branch_id"],
        "transformation":"MULT_COLUMN",
        "defaultType":"decimal(6,0)"
      },
      {
        "group":"row",
        "field":"delimiter",
        "delimiter":" ",
        "inputFields":["gf_contract_country_id", "gf_contract_detail_id", "gf_entity_id"],
        "transformation":"CONCAT_COLUMN",
        "defaultType":"decimal(6,0)"
      },
      {
        "group":"agg",
        "field":"aggregationFields",
        "aggregationFields":["g_branch_id"],
        "transformation":"COUNT_ROWS",
        "defaultType":"decimal(6,0)"
      },
      {
        "group":"agg",
        "field":"avg",
        "aggregationFields":["g_branch_id", "gf_gl_gross_balance_amount"],
        "fieldToProcess":"salary",
        "transformation":"AVG_COLUMN",
        "defaultType":"decimal(6,0)"
      }
    ]
  }